{"cameraMode":{"drawMode":0,"name":"Shaded","section":"Shading Mode"},"sceneLighting":true,"audioPlay":false,"sceneViewState":{"showFog":true,"showMaterialUpdate":false,"showSkybox":true,"showFlares":true,"showImageEffects":true,"showParticleSystems":true},"in2DMode":false,"pivot":{"x":4.291419982910156,"y":-59.957576751708987,"z":9.81732177734375},"rotation":{"x":-0.5376137495040894,"y":-0.4620450437068939,"z":0.4854066073894501,"w":-0.5117629766464233},"size":28.266427993774415,"orthographic":true}